<?xml version="1.0" encoding="UTF-8"?>
<beans xmlns="http://www.springframework.org/schema/beans"
       xmlns:context="http://www.springframework.org/schema/context"
       xmlns:xsi="http://www.w3.org/2001/XMLSchema-instance"
       xmlns:mvc="http://www.springframework.org/schema/mvc"
       xsi:schemaLocation="
        http://www.springframework.org/schema/beans
        http://www.springframework.org/schema/beans/spring-beans.xsd
        http://www.springframework.org/schema/mvc
        http://www.springframework.org/schema/mvc/spring-mvc.xsd
        http://www.springframework.org/schema/context
        http://www.springframework.org/schema/context/spring-context.xsd ">

    <context:component-scan base-package="com.yuuzoo.qr.services, com.yuuzoo.qr.dao" />

    <bean id="dataSource" class="org.springframework.jdbc.datasource.DriverManagerDataSource">
        <property name="driverClassName" value="com.mysql.jdbc.Driver"/>
        <property name="url" value="jdbc:mysql://localhost:3306/admin_genqr"/>
        <property name="username" value="admin_genqr"/>
        <property name="password" value="Passw0rd"/>
    </bean>

    <bean id="promotionDao" class="com.yuuzoo.qr.dao.PromotionDao">
        <property name="dataSource" ref="dataSource"/>
    </bean>
</beans>